[{"tag":{"S":"RK7y9YnH_LqdzqydE2m75/_N_T_/layout"},"path":{"S":"RK7y9YnH_LqdzqydE2m75/_not-found"},"revalidatedAt":{"N":"1698686404902"}},{"tag":{"S":"RK7y9YnH_LqdzqydE2m75/_N_T_/_not-found/layout"},"path":{"S":"RK7y9YnH_LqdzqydE2m75/_not-found"},"revalidatedAt":{"N":"1698686404902"}},{"tag":{"S":"RK7y9YnH_LqdzqydE2m75/_N_T_/_not-found"},"path":{"S":"RK7y9YnH_LqdzqydE2m75/_not-found"},"revalidatedAt":{"N":"1698686404902"}},{"tag":{"S":"RK7y9YnH_LqdzqydE2m75/_N_T_/layout"},"path":{"S":"RK7y9YnH_LqdzqydE2m75/api/order"},"revalidatedAt":{"N":"1698686404902"}},{"tag":{"S":"RK7y9YnH_LqdzqydE2m75/_N_T_/api/layout"},"path":{"S":"RK7y9YnH_LqdzqydE2m75/api/order"},"revalidatedAt":{"N":"1698686404902"}},{"tag":{"S":"RK7y9YnH_LqdzqydE2m75/_N_T_/api/order/layout"},"path":{"S":"RK7y9YnH_LqdzqydE2m75/api/order"},"revalidatedAt":{"N":"1698686404902"}},{"tag":{"S":"RK7y9YnH_LqdzqydE2m75/_N_T_/api/order/route"},"path":{"S":"RK7y9YnH_LqdzqydE2m75/api/order"},"revalidatedAt":{"N":"1698686404902"}},{"tag":{"S":"RK7y9YnH_LqdzqydE2m75/_N_T_/api/order"},"path":{"S":"RK7y9YnH_LqdzqydE2m75/api/order"},"revalidatedAt":{"N":"1698686404902"}},{"tag":{"S":"RK7y9YnH_LqdzqydE2m75/_N_T_/layout"},"path":{"S":"RK7y9YnH_LqdzqydE2m75/favicon.ico"},"revalidatedAt":{"N":"1698686404902"}},{"tag":{"S":"RK7y9YnH_LqdzqydE2m75/_N_T_/favicon.ico/layout"},"path":{"S":"RK7y9YnH_LqdzqydE2m75/favicon.ico"},"revalidatedAt":{"N":"1698686404902"}},{"tag":{"S":"RK7y9YnH_LqdzqydE2m75/_N_T_/favicon.ico/route"},"path":{"S":"RK7y9YnH_LqdzqydE2m75/favicon.ico"},"revalidatedAt":{"N":"1698686404902"}},{"tag":{"S":"RK7y9YnH_LqdzqydE2m75/_N_T_/favicon.ico"},"path":{"S":"RK7y9YnH_LqdzqydE2m75/favicon.ico"},"revalidatedAt":{"N":"1698686404902"}},{"tag":{"S":"RK7y9YnH_LqdzqydE2m75/_N_T_/layout"},"path":{"S":"RK7y9YnH_LqdzqydE2m75/order/error"},"revalidatedAt":{"N":"1698686404902"}},{"tag":{"S":"RK7y9YnH_LqdzqydE2m75/_N_T_/order/layout"},"path":{"S":"RK7y9YnH_LqdzqydE2m75/order/error"},"revalidatedAt":{"N":"1698686404902"}},{"tag":{"S":"RK7y9YnH_LqdzqydE2m75/_N_T_/order/error/layout"},"path":{"S":"RK7y9YnH_LqdzqydE2m75/order/error"},"revalidatedAt":{"N":"1698686404902"}},{"tag":{"S":"RK7y9YnH_LqdzqydE2m75/_N_T_/order/error/page"},"path":{"S":"RK7y9YnH_LqdzqydE2m75/order/error"},"revalidatedAt":{"N":"1698686404902"}},{"tag":{"S":"RK7y9YnH_LqdzqydE2m75/_N_T_/order/error"},"path":{"S":"RK7y9YnH_LqdzqydE2m75/order/error"},"revalidatedAt":{"N":"1698686404902"}},{"tag":{"S":"RK7y9YnH_LqdzqydE2m75/_N_T_/layout"},"path":{"S":"RK7y9YnH_LqdzqydE2m75/order/invoice"},"revalidatedAt":{"N":"1698686404902"}},{"tag":{"S":"RK7y9YnH_LqdzqydE2m75/_N_T_/order/layout"},"path":{"S":"RK7y9YnH_LqdzqydE2m75/order/invoice"},"revalidatedAt":{"N":"1698686404902"}},{"tag":{"S":"RK7y9YnH_LqdzqydE2m75/_N_T_/order/invoice/layout"},"path":{"S":"RK7y9YnH_LqdzqydE2m75/order/invoice"},"revalidatedAt":{"N":"1698686404902"}},{"tag":{"S":"RK7y9YnH_LqdzqydE2m75/_N_T_/order/invoice/page"},"path":{"S":"RK7y9YnH_LqdzqydE2m75/order/invoice"},"revalidatedAt":{"N":"1698686404902"}},{"tag":{"S":"RK7y9YnH_LqdzqydE2m75/_N_T_/order/invoice"},"path":{"S":"RK7y9YnH_LqdzqydE2m75/order/invoice"},"revalidatedAt":{"N":"1698686404902"}},{"tag":{"S":"RK7y9YnH_LqdzqydE2m75/_N_T_/layout"},"path":{"S":"RK7y9YnH_LqdzqydE2m75/order"},"revalidatedAt":{"N":"1698686404902"}},{"tag":{"S":"RK7y9YnH_LqdzqydE2m75/_N_T_/order/layout"},"path":{"S":"RK7y9YnH_LqdzqydE2m75/order"},"revalidatedAt":{"N":"1698686404902"}},{"tag":{"S":"RK7y9YnH_LqdzqydE2m75/_N_T_/order/page"},"path":{"S":"RK7y9YnH_LqdzqydE2m75/order"},"revalidatedAt":{"N":"1698686404902"}},{"tag":{"S":"RK7y9YnH_LqdzqydE2m75/_N_T_/order"},"path":{"S":"RK7y9YnH_LqdzqydE2m75/order"},"revalidatedAt":{"N":"1698686404902"}},{"tag":{"S":"RK7y9YnH_LqdzqydE2m75/_N_T_/layout"},"path":{"S":"RK7y9YnH_LqdzqydE2m75/pos/dashboard"},"revalidatedAt":{"N":"1698686404902"}},{"tag":{"S":"RK7y9YnH_LqdzqydE2m75/_N_T_/pos/layout"},"path":{"S":"RK7y9YnH_LqdzqydE2m75/pos/dashboard"},"revalidatedAt":{"N":"1698686404902"}},{"tag":{"S":"RK7y9YnH_LqdzqydE2m75/_N_T_/pos/dashboard/layout"},"path":{"S":"RK7y9YnH_LqdzqydE2m75/pos/dashboard"},"revalidatedAt":{"N":"1698686404902"}},{"tag":{"S":"RK7y9YnH_LqdzqydE2m75/_N_T_/pos/dashboard/page"},"path":{"S":"RK7y9YnH_LqdzqydE2m75/pos/dashboard"},"revalidatedAt":{"N":"1698686404902"}},{"tag":{"S":"RK7y9YnH_LqdzqydE2m75/_N_T_/pos/dashboard"},"path":{"S":"RK7y9YnH_LqdzqydE2m75/pos/dashboard"},"revalidatedAt":{"N":"1698686404902"}},{"tag":{"S":"RK7y9YnH_LqdzqydE2m75/_N_T_/layout"},"path":{"S":"RK7y9YnH_LqdzqydE2m75/pos/login"},"revalidatedAt":{"N":"1698686404902"}},{"tag":{"S":"RK7y9YnH_LqdzqydE2m75/_N_T_/pos/layout"},"path":{"S":"RK7y9YnH_LqdzqydE2m75/pos/login"},"revalidatedAt":{"N":"1698686404902"}},{"tag":{"S":"RK7y9YnH_LqdzqydE2m75/_N_T_/pos/login/layout"},"path":{"S":"RK7y9YnH_LqdzqydE2m75/pos/login"},"revalidatedAt":{"N":"1698686404902"}},{"tag":{"S":"RK7y9YnH_LqdzqydE2m75/_N_T_/pos/login/page"},"path":{"S":"RK7y9YnH_LqdzqydE2m75/pos/login"},"revalidatedAt":{"N":"1698686404902"}},{"tag":{"S":"RK7y9YnH_LqdzqydE2m75/_N_T_/pos/login"},"path":{"S":"RK7y9YnH_LqdzqydE2m75/pos/login"},"revalidatedAt":{"N":"1698686404902"}}]