[{"tag":{"S":"UAlKMj-1pq8kV0q9BUXlA/_N_T_/layout"},"path":{"S":"UAlKMj-1pq8kV0q9BUXlA/_not-found"},"revalidatedAt":{"N":"1698697329069"}},{"tag":{"S":"UAlKMj-1pq8kV0q9BUXlA/_N_T_/_not-found/layout"},"path":{"S":"UAlKMj-1pq8kV0q9BUXlA/_not-found"},"revalidatedAt":{"N":"1698697329069"}},{"tag":{"S":"UAlKMj-1pq8kV0q9BUXlA/_N_T_/_not-found"},"path":{"S":"UAlKMj-1pq8kV0q9BUXlA/_not-found"},"revalidatedAt":{"N":"1698697329069"}},{"tag":{"S":"UAlKMj-1pq8kV0q9BUXlA/_N_T_/layout"},"path":{"S":"UAlKMj-1pq8kV0q9BUXlA/api/order"},"revalidatedAt":{"N":"1698697329070"}},{"tag":{"S":"UAlKMj-1pq8kV0q9BUXlA/_N_T_/api/layout"},"path":{"S":"UAlKMj-1pq8kV0q9BUXlA/api/order"},"revalidatedAt":{"N":"1698697329070"}},{"tag":{"S":"UAlKMj-1pq8kV0q9BUXlA/_N_T_/api/order/layout"},"path":{"S":"UAlKMj-1pq8kV0q9BUXlA/api/order"},"revalidatedAt":{"N":"1698697329070"}},{"tag":{"S":"UAlKMj-1pq8kV0q9BUXlA/_N_T_/api/order/route"},"path":{"S":"UAlKMj-1pq8kV0q9BUXlA/api/order"},"revalidatedAt":{"N":"1698697329070"}},{"tag":{"S":"UAlKMj-1pq8kV0q9BUXlA/_N_T_/api/order"},"path":{"S":"UAlKMj-1pq8kV0q9BUXlA/api/order"},"revalidatedAt":{"N":"1698697329070"}},{"tag":{"S":"UAlKMj-1pq8kV0q9BUXlA/_N_T_/layout"},"path":{"S":"UAlKMj-1pq8kV0q9BUXlA/favicon.ico"},"revalidatedAt":{"N":"1698697329070"}},{"tag":{"S":"UAlKMj-1pq8kV0q9BUXlA/_N_T_/favicon.ico/layout"},"path":{"S":"UAlKMj-1pq8kV0q9BUXlA/favicon.ico"},"revalidatedAt":{"N":"1698697329070"}},{"tag":{"S":"UAlKMj-1pq8kV0q9BUXlA/_N_T_/favicon.ico/route"},"path":{"S":"UAlKMj-1pq8kV0q9BUXlA/favicon.ico"},"revalidatedAt":{"N":"1698697329070"}},{"tag":{"S":"UAlKMj-1pq8kV0q9BUXlA/_N_T_/favicon.ico"},"path":{"S":"UAlKMj-1pq8kV0q9BUXlA/favicon.ico"},"revalidatedAt":{"N":"1698697329070"}},{"tag":{"S":"UAlKMj-1pq8kV0q9BUXlA/_N_T_/layout"},"path":{"S":"UAlKMj-1pq8kV0q9BUXlA/order/error"},"revalidatedAt":{"N":"1698697329070"}},{"tag":{"S":"UAlKMj-1pq8kV0q9BUXlA/_N_T_/order/layout"},"path":{"S":"UAlKMj-1pq8kV0q9BUXlA/order/error"},"revalidatedAt":{"N":"1698697329070"}},{"tag":{"S":"UAlKMj-1pq8kV0q9BUXlA/_N_T_/order/error/layout"},"path":{"S":"UAlKMj-1pq8kV0q9BUXlA/order/error"},"revalidatedAt":{"N":"1698697329070"}},{"tag":{"S":"UAlKMj-1pq8kV0q9BUXlA/_N_T_/order/error/page"},"path":{"S":"UAlKMj-1pq8kV0q9BUXlA/order/error"},"revalidatedAt":{"N":"1698697329070"}},{"tag":{"S":"UAlKMj-1pq8kV0q9BUXlA/_N_T_/order/error"},"path":{"S":"UAlKMj-1pq8kV0q9BUXlA/order/error"},"revalidatedAt":{"N":"1698697329070"}},{"tag":{"S":"UAlKMj-1pq8kV0q9BUXlA/_N_T_/layout"},"path":{"S":"UAlKMj-1pq8kV0q9BUXlA/order/invoice"},"revalidatedAt":{"N":"1698697329070"}},{"tag":{"S":"UAlKMj-1pq8kV0q9BUXlA/_N_T_/order/layout"},"path":{"S":"UAlKMj-1pq8kV0q9BUXlA/order/invoice"},"revalidatedAt":{"N":"1698697329070"}},{"tag":{"S":"UAlKMj-1pq8kV0q9BUXlA/_N_T_/order/invoice/layout"},"path":{"S":"UAlKMj-1pq8kV0q9BUXlA/order/invoice"},"revalidatedAt":{"N":"1698697329070"}},{"tag":{"S":"UAlKMj-1pq8kV0q9BUXlA/_N_T_/order/invoice/page"},"path":{"S":"UAlKMj-1pq8kV0q9BUXlA/order/invoice"},"revalidatedAt":{"N":"1698697329070"}},{"tag":{"S":"UAlKMj-1pq8kV0q9BUXlA/_N_T_/order/invoice"},"path":{"S":"UAlKMj-1pq8kV0q9BUXlA/order/invoice"},"revalidatedAt":{"N":"1698697329070"}},{"tag":{"S":"UAlKMj-1pq8kV0q9BUXlA/_N_T_/layout"},"path":{"S":"UAlKMj-1pq8kV0q9BUXlA/order"},"revalidatedAt":{"N":"1698697329070"}},{"tag":{"S":"UAlKMj-1pq8kV0q9BUXlA/_N_T_/order/layout"},"path":{"S":"UAlKMj-1pq8kV0q9BUXlA/order"},"revalidatedAt":{"N":"1698697329070"}},{"tag":{"S":"UAlKMj-1pq8kV0q9BUXlA/_N_T_/order/page"},"path":{"S":"UAlKMj-1pq8kV0q9BUXlA/order"},"revalidatedAt":{"N":"1698697329070"}},{"tag":{"S":"UAlKMj-1pq8kV0q9BUXlA/_N_T_/order"},"path":{"S":"UAlKMj-1pq8kV0q9BUXlA/order"},"revalidatedAt":{"N":"1698697329070"}},{"tag":{"S":"UAlKMj-1pq8kV0q9BUXlA/_N_T_/layout"},"path":{"S":"UAlKMj-1pq8kV0q9BUXlA/pos/dashboard"},"revalidatedAt":{"N":"1698697329070"}},{"tag":{"S":"UAlKMj-1pq8kV0q9BUXlA/_N_T_/pos/layout"},"path":{"S":"UAlKMj-1pq8kV0q9BUXlA/pos/dashboard"},"revalidatedAt":{"N":"1698697329070"}},{"tag":{"S":"UAlKMj-1pq8kV0q9BUXlA/_N_T_/pos/dashboard/layout"},"path":{"S":"UAlKMj-1pq8kV0q9BUXlA/pos/dashboard"},"revalidatedAt":{"N":"1698697329070"}},{"tag":{"S":"UAlKMj-1pq8kV0q9BUXlA/_N_T_/pos/dashboard/page"},"path":{"S":"UAlKMj-1pq8kV0q9BUXlA/pos/dashboard"},"revalidatedAt":{"N":"1698697329070"}},{"tag":{"S":"UAlKMj-1pq8kV0q9BUXlA/_N_T_/pos/dashboard"},"path":{"S":"UAlKMj-1pq8kV0q9BUXlA/pos/dashboard"},"revalidatedAt":{"N":"1698697329070"}},{"tag":{"S":"UAlKMj-1pq8kV0q9BUXlA/_N_T_/layout"},"path":{"S":"UAlKMj-1pq8kV0q9BUXlA/pos/login"},"revalidatedAt":{"N":"1698697329071"}},{"tag":{"S":"UAlKMj-1pq8kV0q9BUXlA/_N_T_/pos/layout"},"path":{"S":"UAlKMj-1pq8kV0q9BUXlA/pos/login"},"revalidatedAt":{"N":"1698697329071"}},{"tag":{"S":"UAlKMj-1pq8kV0q9BUXlA/_N_T_/pos/login/layout"},"path":{"S":"UAlKMj-1pq8kV0q9BUXlA/pos/login"},"revalidatedAt":{"N":"1698697329071"}},{"tag":{"S":"UAlKMj-1pq8kV0q9BUXlA/_N_T_/pos/login/page"},"path":{"S":"UAlKMj-1pq8kV0q9BUXlA/pos/login"},"revalidatedAt":{"N":"1698697329071"}},{"tag":{"S":"UAlKMj-1pq8kV0q9BUXlA/_N_T_/pos/login"},"path":{"S":"UAlKMj-1pq8kV0q9BUXlA/pos/login"},"revalidatedAt":{"N":"1698697329071"}}]