[{"tag":{"S":"77fx0x4VMuVyXY_igVPfg/_N_T_/layout"},"path":{"S":"77fx0x4VMuVyXY_igVPfg/_not-found"},"revalidatedAt":{"N":"1698697590320"}},{"tag":{"S":"77fx0x4VMuVyXY_igVPfg/_N_T_/_not-found/layout"},"path":{"S":"77fx0x4VMuVyXY_igVPfg/_not-found"},"revalidatedAt":{"N":"1698697590320"}},{"tag":{"S":"77fx0x4VMuVyXY_igVPfg/_N_T_/_not-found"},"path":{"S":"77fx0x4VMuVyXY_igVPfg/_not-found"},"revalidatedAt":{"N":"1698697590320"}},{"tag":{"S":"77fx0x4VMuVyXY_igVPfg/_N_T_/layout"},"path":{"S":"77fx0x4VMuVyXY_igVPfg/api/order"},"revalidatedAt":{"N":"1698697590320"}},{"tag":{"S":"77fx0x4VMuVyXY_igVPfg/_N_T_/api/layout"},"path":{"S":"77fx0x4VMuVyXY_igVPfg/api/order"},"revalidatedAt":{"N":"1698697590320"}},{"tag":{"S":"77fx0x4VMuVyXY_igVPfg/_N_T_/api/order/layout"},"path":{"S":"77fx0x4VMuVyXY_igVPfg/api/order"},"revalidatedAt":{"N":"1698697590320"}},{"tag":{"S":"77fx0x4VMuVyXY_igVPfg/_N_T_/api/order/route"},"path":{"S":"77fx0x4VMuVyXY_igVPfg/api/order"},"revalidatedAt":{"N":"1698697590320"}},{"tag":{"S":"77fx0x4VMuVyXY_igVPfg/_N_T_/api/order"},"path":{"S":"77fx0x4VMuVyXY_igVPfg/api/order"},"revalidatedAt":{"N":"1698697590320"}},{"tag":{"S":"77fx0x4VMuVyXY_igVPfg/_N_T_/layout"},"path":{"S":"77fx0x4VMuVyXY_igVPfg/favicon.ico"},"revalidatedAt":{"N":"1698697590320"}},{"tag":{"S":"77fx0x4VMuVyXY_igVPfg/_N_T_/favicon.ico/layout"},"path":{"S":"77fx0x4VMuVyXY_igVPfg/favicon.ico"},"revalidatedAt":{"N":"1698697590320"}},{"tag":{"S":"77fx0x4VMuVyXY_igVPfg/_N_T_/favicon.ico/route"},"path":{"S":"77fx0x4VMuVyXY_igVPfg/favicon.ico"},"revalidatedAt":{"N":"1698697590320"}},{"tag":{"S":"77fx0x4VMuVyXY_igVPfg/_N_T_/favicon.ico"},"path":{"S":"77fx0x4VMuVyXY_igVPfg/favicon.ico"},"revalidatedAt":{"N":"1698697590320"}},{"tag":{"S":"77fx0x4VMuVyXY_igVPfg/_N_T_/layout"},"path":{"S":"77fx0x4VMuVyXY_igVPfg/order/error"},"revalidatedAt":{"N":"1698697590320"}},{"tag":{"S":"77fx0x4VMuVyXY_igVPfg/_N_T_/order/layout"},"path":{"S":"77fx0x4VMuVyXY_igVPfg/order/error"},"revalidatedAt":{"N":"1698697590320"}},{"tag":{"S":"77fx0x4VMuVyXY_igVPfg/_N_T_/order/error/layout"},"path":{"S":"77fx0x4VMuVyXY_igVPfg/order/error"},"revalidatedAt":{"N":"1698697590320"}},{"tag":{"S":"77fx0x4VMuVyXY_igVPfg/_N_T_/order/error/page"},"path":{"S":"77fx0x4VMuVyXY_igVPfg/order/error"},"revalidatedAt":{"N":"1698697590320"}},{"tag":{"S":"77fx0x4VMuVyXY_igVPfg/_N_T_/order/error"},"path":{"S":"77fx0x4VMuVyXY_igVPfg/order/error"},"revalidatedAt":{"N":"1698697590320"}},{"tag":{"S":"77fx0x4VMuVyXY_igVPfg/_N_T_/layout"},"path":{"S":"77fx0x4VMuVyXY_igVPfg/order/invoice"},"revalidatedAt":{"N":"1698697590320"}},{"tag":{"S":"77fx0x4VMuVyXY_igVPfg/_N_T_/order/layout"},"path":{"S":"77fx0x4VMuVyXY_igVPfg/order/invoice"},"revalidatedAt":{"N":"1698697590320"}},{"tag":{"S":"77fx0x4VMuVyXY_igVPfg/_N_T_/order/invoice/layout"},"path":{"S":"77fx0x4VMuVyXY_igVPfg/order/invoice"},"revalidatedAt":{"N":"1698697590320"}},{"tag":{"S":"77fx0x4VMuVyXY_igVPfg/_N_T_/order/invoice/page"},"path":{"S":"77fx0x4VMuVyXY_igVPfg/order/invoice"},"revalidatedAt":{"N":"1698697590320"}},{"tag":{"S":"77fx0x4VMuVyXY_igVPfg/_N_T_/order/invoice"},"path":{"S":"77fx0x4VMuVyXY_igVPfg/order/invoice"},"revalidatedAt":{"N":"1698697590320"}},{"tag":{"S":"77fx0x4VMuVyXY_igVPfg/_N_T_/layout"},"path":{"S":"77fx0x4VMuVyXY_igVPfg/order"},"revalidatedAt":{"N":"1698697590320"}},{"tag":{"S":"77fx0x4VMuVyXY_igVPfg/_N_T_/order/layout"},"path":{"S":"77fx0x4VMuVyXY_igVPfg/order"},"revalidatedAt":{"N":"1698697590320"}},{"tag":{"S":"77fx0x4VMuVyXY_igVPfg/_N_T_/order/page"},"path":{"S":"77fx0x4VMuVyXY_igVPfg/order"},"revalidatedAt":{"N":"1698697590320"}},{"tag":{"S":"77fx0x4VMuVyXY_igVPfg/_N_T_/order"},"path":{"S":"77fx0x4VMuVyXY_igVPfg/order"},"revalidatedAt":{"N":"1698697590320"}},{"tag":{"S":"77fx0x4VMuVyXY_igVPfg/_N_T_/layout"},"path":{"S":"77fx0x4VMuVyXY_igVPfg/pos/dashboard"},"revalidatedAt":{"N":"1698697590321"}},{"tag":{"S":"77fx0x4VMuVyXY_igVPfg/_N_T_/pos/layout"},"path":{"S":"77fx0x4VMuVyXY_igVPfg/pos/dashboard"},"revalidatedAt":{"N":"1698697590321"}},{"tag":{"S":"77fx0x4VMuVyXY_igVPfg/_N_T_/pos/dashboard/layout"},"path":{"S":"77fx0x4VMuVyXY_igVPfg/pos/dashboard"},"revalidatedAt":{"N":"1698697590321"}},{"tag":{"S":"77fx0x4VMuVyXY_igVPfg/_N_T_/pos/dashboard/page"},"path":{"S":"77fx0x4VMuVyXY_igVPfg/pos/dashboard"},"revalidatedAt":{"N":"1698697590321"}},{"tag":{"S":"77fx0x4VMuVyXY_igVPfg/_N_T_/pos/dashboard"},"path":{"S":"77fx0x4VMuVyXY_igVPfg/pos/dashboard"},"revalidatedAt":{"N":"1698697590321"}},{"tag":{"S":"77fx0x4VMuVyXY_igVPfg/_N_T_/layout"},"path":{"S":"77fx0x4VMuVyXY_igVPfg/pos/login"},"revalidatedAt":{"N":"1698697590321"}},{"tag":{"S":"77fx0x4VMuVyXY_igVPfg/_N_T_/pos/layout"},"path":{"S":"77fx0x4VMuVyXY_igVPfg/pos/login"},"revalidatedAt":{"N":"1698697590321"}},{"tag":{"S":"77fx0x4VMuVyXY_igVPfg/_N_T_/pos/login/layout"},"path":{"S":"77fx0x4VMuVyXY_igVPfg/pos/login"},"revalidatedAt":{"N":"1698697590321"}},{"tag":{"S":"77fx0x4VMuVyXY_igVPfg/_N_T_/pos/login/page"},"path":{"S":"77fx0x4VMuVyXY_igVPfg/pos/login"},"revalidatedAt":{"N":"1698697590321"}},{"tag":{"S":"77fx0x4VMuVyXY_igVPfg/_N_T_/pos/login"},"path":{"S":"77fx0x4VMuVyXY_igVPfg/pos/login"},"revalidatedAt":{"N":"1698697590321"}}]