[{"tag":{"S":"MSZGiCltu-kK6eW67EaOK/_N_T_/layout"},"path":{"S":"MSZGiCltu-kK6eW67EaOK/_not-found"},"revalidatedAt":{"N":"1698696056980"}},{"tag":{"S":"MSZGiCltu-kK6eW67EaOK/_N_T_/_not-found/layout"},"path":{"S":"MSZGiCltu-kK6eW67EaOK/_not-found"},"revalidatedAt":{"N":"1698696056980"}},{"tag":{"S":"MSZGiCltu-kK6eW67EaOK/_N_T_/_not-found"},"path":{"S":"MSZGiCltu-kK6eW67EaOK/_not-found"},"revalidatedAt":{"N":"1698696056980"}},{"tag":{"S":"MSZGiCltu-kK6eW67EaOK/_N_T_/layout"},"path":{"S":"MSZGiCltu-kK6eW67EaOK/api/order"},"revalidatedAt":{"N":"1698696056981"}},{"tag":{"S":"MSZGiCltu-kK6eW67EaOK/_N_T_/api/layout"},"path":{"S":"MSZGiCltu-kK6eW67EaOK/api/order"},"revalidatedAt":{"N":"1698696056981"}},{"tag":{"S":"MSZGiCltu-kK6eW67EaOK/_N_T_/api/order/layout"},"path":{"S":"MSZGiCltu-kK6eW67EaOK/api/order"},"revalidatedAt":{"N":"1698696056981"}},{"tag":{"S":"MSZGiCltu-kK6eW67EaOK/_N_T_/api/order/route"},"path":{"S":"MSZGiCltu-kK6eW67EaOK/api/order"},"revalidatedAt":{"N":"1698696056981"}},{"tag":{"S":"MSZGiCltu-kK6eW67EaOK/_N_T_/api/order"},"path":{"S":"MSZGiCltu-kK6eW67EaOK/api/order"},"revalidatedAt":{"N":"1698696056981"}},{"tag":{"S":"MSZGiCltu-kK6eW67EaOK/_N_T_/layout"},"path":{"S":"MSZGiCltu-kK6eW67EaOK/favicon.ico"},"revalidatedAt":{"N":"1698696056981"}},{"tag":{"S":"MSZGiCltu-kK6eW67EaOK/_N_T_/favicon.ico/layout"},"path":{"S":"MSZGiCltu-kK6eW67EaOK/favicon.ico"},"revalidatedAt":{"N":"1698696056981"}},{"tag":{"S":"MSZGiCltu-kK6eW67EaOK/_N_T_/favicon.ico/route"},"path":{"S":"MSZGiCltu-kK6eW67EaOK/favicon.ico"},"revalidatedAt":{"N":"1698696056981"}},{"tag":{"S":"MSZGiCltu-kK6eW67EaOK/_N_T_/favicon.ico"},"path":{"S":"MSZGiCltu-kK6eW67EaOK/favicon.ico"},"revalidatedAt":{"N":"1698696056981"}},{"tag":{"S":"MSZGiCltu-kK6eW67EaOK/_N_T_/layout"},"path":{"S":"MSZGiCltu-kK6eW67EaOK/order/error"},"revalidatedAt":{"N":"1698696056981"}},{"tag":{"S":"MSZGiCltu-kK6eW67EaOK/_N_T_/order/layout"},"path":{"S":"MSZGiCltu-kK6eW67EaOK/order/error"},"revalidatedAt":{"N":"1698696056981"}},{"tag":{"S":"MSZGiCltu-kK6eW67EaOK/_N_T_/order/error/layout"},"path":{"S":"MSZGiCltu-kK6eW67EaOK/order/error"},"revalidatedAt":{"N":"1698696056981"}},{"tag":{"S":"MSZGiCltu-kK6eW67EaOK/_N_T_/order/error/page"},"path":{"S":"MSZGiCltu-kK6eW67EaOK/order/error"},"revalidatedAt":{"N":"1698696056981"}},{"tag":{"S":"MSZGiCltu-kK6eW67EaOK/_N_T_/order/error"},"path":{"S":"MSZGiCltu-kK6eW67EaOK/order/error"},"revalidatedAt":{"N":"1698696056981"}},{"tag":{"S":"MSZGiCltu-kK6eW67EaOK/_N_T_/layout"},"path":{"S":"MSZGiCltu-kK6eW67EaOK/order/invoice"},"revalidatedAt":{"N":"1698696056981"}},{"tag":{"S":"MSZGiCltu-kK6eW67EaOK/_N_T_/order/layout"},"path":{"S":"MSZGiCltu-kK6eW67EaOK/order/invoice"},"revalidatedAt":{"N":"1698696056981"}},{"tag":{"S":"MSZGiCltu-kK6eW67EaOK/_N_T_/order/invoice/layout"},"path":{"S":"MSZGiCltu-kK6eW67EaOK/order/invoice"},"revalidatedAt":{"N":"1698696056981"}},{"tag":{"S":"MSZGiCltu-kK6eW67EaOK/_N_T_/order/invoice/page"},"path":{"S":"MSZGiCltu-kK6eW67EaOK/order/invoice"},"revalidatedAt":{"N":"1698696056981"}},{"tag":{"S":"MSZGiCltu-kK6eW67EaOK/_N_T_/order/invoice"},"path":{"S":"MSZGiCltu-kK6eW67EaOK/order/invoice"},"revalidatedAt":{"N":"1698696056981"}},{"tag":{"S":"MSZGiCltu-kK6eW67EaOK/_N_T_/layout"},"path":{"S":"MSZGiCltu-kK6eW67EaOK/order"},"revalidatedAt":{"N":"1698696056981"}},{"tag":{"S":"MSZGiCltu-kK6eW67EaOK/_N_T_/order/layout"},"path":{"S":"MSZGiCltu-kK6eW67EaOK/order"},"revalidatedAt":{"N":"1698696056981"}},{"tag":{"S":"MSZGiCltu-kK6eW67EaOK/_N_T_/order/page"},"path":{"S":"MSZGiCltu-kK6eW67EaOK/order"},"revalidatedAt":{"N":"1698696056981"}},{"tag":{"S":"MSZGiCltu-kK6eW67EaOK/_N_T_/order"},"path":{"S":"MSZGiCltu-kK6eW67EaOK/order"},"revalidatedAt":{"N":"1698696056981"}},{"tag":{"S":"MSZGiCltu-kK6eW67EaOK/_N_T_/layout"},"path":{"S":"MSZGiCltu-kK6eW67EaOK/pos/dashboard"},"revalidatedAt":{"N":"1698696056981"}},{"tag":{"S":"MSZGiCltu-kK6eW67EaOK/_N_T_/pos/layout"},"path":{"S":"MSZGiCltu-kK6eW67EaOK/pos/dashboard"},"revalidatedAt":{"N":"1698696056981"}},{"tag":{"S":"MSZGiCltu-kK6eW67EaOK/_N_T_/pos/dashboard/layout"},"path":{"S":"MSZGiCltu-kK6eW67EaOK/pos/dashboard"},"revalidatedAt":{"N":"1698696056981"}},{"tag":{"S":"MSZGiCltu-kK6eW67EaOK/_N_T_/pos/dashboard/page"},"path":{"S":"MSZGiCltu-kK6eW67EaOK/pos/dashboard"},"revalidatedAt":{"N":"1698696056981"}},{"tag":{"S":"MSZGiCltu-kK6eW67EaOK/_N_T_/pos/dashboard"},"path":{"S":"MSZGiCltu-kK6eW67EaOK/pos/dashboard"},"revalidatedAt":{"N":"1698696056981"}},{"tag":{"S":"MSZGiCltu-kK6eW67EaOK/_N_T_/layout"},"path":{"S":"MSZGiCltu-kK6eW67EaOK/pos/login"},"revalidatedAt":{"N":"1698696056981"}},{"tag":{"S":"MSZGiCltu-kK6eW67EaOK/_N_T_/pos/layout"},"path":{"S":"MSZGiCltu-kK6eW67EaOK/pos/login"},"revalidatedAt":{"N":"1698696056981"}},{"tag":{"S":"MSZGiCltu-kK6eW67EaOK/_N_T_/pos/login/layout"},"path":{"S":"MSZGiCltu-kK6eW67EaOK/pos/login"},"revalidatedAt":{"N":"1698696056981"}},{"tag":{"S":"MSZGiCltu-kK6eW67EaOK/_N_T_/pos/login/page"},"path":{"S":"MSZGiCltu-kK6eW67EaOK/pos/login"},"revalidatedAt":{"N":"1698696056981"}},{"tag":{"S":"MSZGiCltu-kK6eW67EaOK/_N_T_/pos/login"},"path":{"S":"MSZGiCltu-kK6eW67EaOK/pos/login"},"revalidatedAt":{"N":"1698696056981"}}]