[{"tag":{"S":"_4A0ouVdZrROksvQQmhza/_N_T_/layout"},"path":{"S":"_4A0ouVdZrROksvQQmhza/_not-found"},"revalidatedAt":{"N":"1698660085262"}},{"tag":{"S":"_4A0ouVdZrROksvQQmhza/_N_T_/_not-found/layout"},"path":{"S":"_4A0ouVdZrROksvQQmhza/_not-found"},"revalidatedAt":{"N":"1698660085262"}},{"tag":{"S":"_4A0ouVdZrROksvQQmhza/_N_T_/_not-found"},"path":{"S":"_4A0ouVdZrROksvQQmhza/_not-found"},"revalidatedAt":{"N":"1698660085262"}},{"tag":{"S":"_4A0ouVdZrROksvQQmhza/_N_T_/layout"},"path":{"S":"_4A0ouVdZrROksvQQmhza/favicon.ico"},"revalidatedAt":{"N":"1698660085262"}},{"tag":{"S":"_4A0ouVdZrROksvQQmhza/_N_T_/favicon.ico/layout"},"path":{"S":"_4A0ouVdZrROksvQQmhza/favicon.ico"},"revalidatedAt":{"N":"1698660085262"}},{"tag":{"S":"_4A0ouVdZrROksvQQmhza/_N_T_/favicon.ico/route"},"path":{"S":"_4A0ouVdZrROksvQQmhza/favicon.ico"},"revalidatedAt":{"N":"1698660085262"}},{"tag":{"S":"_4A0ouVdZrROksvQQmhza/_N_T_/favicon.ico"},"path":{"S":"_4A0ouVdZrROksvQQmhza/favicon.ico"},"revalidatedAt":{"N":"1698660085262"}},{"tag":{"S":"_4A0ouVdZrROksvQQmhza/_N_T_/layout"},"path":{"S":"_4A0ouVdZrROksvQQmhza/index"},"revalidatedAt":{"N":"1698660085262"}},{"tag":{"S":"_4A0ouVdZrROksvQQmhza/_N_T_/page"},"path":{"S":"_4A0ouVdZrROksvQQmhza/index"},"revalidatedAt":{"N":"1698660085262"}},{"tag":{"S":"_4A0ouVdZrROksvQQmhza/_N_T_/"},"path":{"S":"_4A0ouVdZrROksvQQmhza/index"},"revalidatedAt":{"N":"1698660085262"}}]