[{"tag":{"S":"mdljcr_WXydkBqxaiJgAr/_N_T_/layout"},"path":{"S":"mdljcr_WXydkBqxaiJgAr/_not-found"},"revalidatedAt":{"N":"1698697991078"}},{"tag":{"S":"mdljcr_WXydkBqxaiJgAr/_N_T_/_not-found/layout"},"path":{"S":"mdljcr_WXydkBqxaiJgAr/_not-found"},"revalidatedAt":{"N":"1698697991078"}},{"tag":{"S":"mdljcr_WXydkBqxaiJgAr/_N_T_/_not-found"},"path":{"S":"mdljcr_WXydkBqxaiJgAr/_not-found"},"revalidatedAt":{"N":"1698697991078"}},{"tag":{"S":"mdljcr_WXydkBqxaiJgAr/_N_T_/layout"},"path":{"S":"mdljcr_WXydkBqxaiJgAr/api/order"},"revalidatedAt":{"N":"1698697991078"}},{"tag":{"S":"mdljcr_WXydkBqxaiJgAr/_N_T_/api/layout"},"path":{"S":"mdljcr_WXydkBqxaiJgAr/api/order"},"revalidatedAt":{"N":"1698697991078"}},{"tag":{"S":"mdljcr_WXydkBqxaiJgAr/_N_T_/api/order/layout"},"path":{"S":"mdljcr_WXydkBqxaiJgAr/api/order"},"revalidatedAt":{"N":"1698697991078"}},{"tag":{"S":"mdljcr_WXydkBqxaiJgAr/_N_T_/api/order/route"},"path":{"S":"mdljcr_WXydkBqxaiJgAr/api/order"},"revalidatedAt":{"N":"1698697991078"}},{"tag":{"S":"mdljcr_WXydkBqxaiJgAr/_N_T_/api/order"},"path":{"S":"mdljcr_WXydkBqxaiJgAr/api/order"},"revalidatedAt":{"N":"1698697991078"}},{"tag":{"S":"mdljcr_WXydkBqxaiJgAr/_N_T_/layout"},"path":{"S":"mdljcr_WXydkBqxaiJgAr/favicon.ico"},"revalidatedAt":{"N":"1698697991078"}},{"tag":{"S":"mdljcr_WXydkBqxaiJgAr/_N_T_/favicon.ico/layout"},"path":{"S":"mdljcr_WXydkBqxaiJgAr/favicon.ico"},"revalidatedAt":{"N":"1698697991078"}},{"tag":{"S":"mdljcr_WXydkBqxaiJgAr/_N_T_/favicon.ico/route"},"path":{"S":"mdljcr_WXydkBqxaiJgAr/favicon.ico"},"revalidatedAt":{"N":"1698697991078"}},{"tag":{"S":"mdljcr_WXydkBqxaiJgAr/_N_T_/favicon.ico"},"path":{"S":"mdljcr_WXydkBqxaiJgAr/favicon.ico"},"revalidatedAt":{"N":"1698697991078"}},{"tag":{"S":"mdljcr_WXydkBqxaiJgAr/_N_T_/layout"},"path":{"S":"mdljcr_WXydkBqxaiJgAr/order/error"},"revalidatedAt":{"N":"1698697991078"}},{"tag":{"S":"mdljcr_WXydkBqxaiJgAr/_N_T_/order/layout"},"path":{"S":"mdljcr_WXydkBqxaiJgAr/order/error"},"revalidatedAt":{"N":"1698697991078"}},{"tag":{"S":"mdljcr_WXydkBqxaiJgAr/_N_T_/order/error/layout"},"path":{"S":"mdljcr_WXydkBqxaiJgAr/order/error"},"revalidatedAt":{"N":"1698697991078"}},{"tag":{"S":"mdljcr_WXydkBqxaiJgAr/_N_T_/order/error/page"},"path":{"S":"mdljcr_WXydkBqxaiJgAr/order/error"},"revalidatedAt":{"N":"1698697991078"}},{"tag":{"S":"mdljcr_WXydkBqxaiJgAr/_N_T_/order/error"},"path":{"S":"mdljcr_WXydkBqxaiJgAr/order/error"},"revalidatedAt":{"N":"1698697991078"}},{"tag":{"S":"mdljcr_WXydkBqxaiJgAr/_N_T_/layout"},"path":{"S":"mdljcr_WXydkBqxaiJgAr/order/invoice"},"revalidatedAt":{"N":"1698697991078"}},{"tag":{"S":"mdljcr_WXydkBqxaiJgAr/_N_T_/order/layout"},"path":{"S":"mdljcr_WXydkBqxaiJgAr/order/invoice"},"revalidatedAt":{"N":"1698697991078"}},{"tag":{"S":"mdljcr_WXydkBqxaiJgAr/_N_T_/order/invoice/layout"},"path":{"S":"mdljcr_WXydkBqxaiJgAr/order/invoice"},"revalidatedAt":{"N":"1698697991078"}},{"tag":{"S":"mdljcr_WXydkBqxaiJgAr/_N_T_/order/invoice/page"},"path":{"S":"mdljcr_WXydkBqxaiJgAr/order/invoice"},"revalidatedAt":{"N":"1698697991078"}},{"tag":{"S":"mdljcr_WXydkBqxaiJgAr/_N_T_/order/invoice"},"path":{"S":"mdljcr_WXydkBqxaiJgAr/order/invoice"},"revalidatedAt":{"N":"1698697991078"}},{"tag":{"S":"mdljcr_WXydkBqxaiJgAr/_N_T_/layout"},"path":{"S":"mdljcr_WXydkBqxaiJgAr/order"},"revalidatedAt":{"N":"1698697991078"}},{"tag":{"S":"mdljcr_WXydkBqxaiJgAr/_N_T_/order/layout"},"path":{"S":"mdljcr_WXydkBqxaiJgAr/order"},"revalidatedAt":{"N":"1698697991078"}},{"tag":{"S":"mdljcr_WXydkBqxaiJgAr/_N_T_/order/page"},"path":{"S":"mdljcr_WXydkBqxaiJgAr/order"},"revalidatedAt":{"N":"1698697991078"}},{"tag":{"S":"mdljcr_WXydkBqxaiJgAr/_N_T_/order"},"path":{"S":"mdljcr_WXydkBqxaiJgAr/order"},"revalidatedAt":{"N":"1698697991078"}},{"tag":{"S":"mdljcr_WXydkBqxaiJgAr/_N_T_/layout"},"path":{"S":"mdljcr_WXydkBqxaiJgAr/pos/dashboard"},"revalidatedAt":{"N":"1698697991078"}},{"tag":{"S":"mdljcr_WXydkBqxaiJgAr/_N_T_/pos/layout"},"path":{"S":"mdljcr_WXydkBqxaiJgAr/pos/dashboard"},"revalidatedAt":{"N":"1698697991079"}},{"tag":{"S":"mdljcr_WXydkBqxaiJgAr/_N_T_/pos/dashboard/layout"},"path":{"S":"mdljcr_WXydkBqxaiJgAr/pos/dashboard"},"revalidatedAt":{"N":"1698697991079"}},{"tag":{"S":"mdljcr_WXydkBqxaiJgAr/_N_T_/pos/dashboard/page"},"path":{"S":"mdljcr_WXydkBqxaiJgAr/pos/dashboard"},"revalidatedAt":{"N":"1698697991079"}},{"tag":{"S":"mdljcr_WXydkBqxaiJgAr/_N_T_/pos/dashboard"},"path":{"S":"mdljcr_WXydkBqxaiJgAr/pos/dashboard"},"revalidatedAt":{"N":"1698697991079"}},{"tag":{"S":"mdljcr_WXydkBqxaiJgAr/_N_T_/layout"},"path":{"S":"mdljcr_WXydkBqxaiJgAr/pos/login"},"revalidatedAt":{"N":"1698697991079"}},{"tag":{"S":"mdljcr_WXydkBqxaiJgAr/_N_T_/pos/layout"},"path":{"S":"mdljcr_WXydkBqxaiJgAr/pos/login"},"revalidatedAt":{"N":"1698697991079"}},{"tag":{"S":"mdljcr_WXydkBqxaiJgAr/_N_T_/pos/login/layout"},"path":{"S":"mdljcr_WXydkBqxaiJgAr/pos/login"},"revalidatedAt":{"N":"1698697991079"}},{"tag":{"S":"mdljcr_WXydkBqxaiJgAr/_N_T_/pos/login/page"},"path":{"S":"mdljcr_WXydkBqxaiJgAr/pos/login"},"revalidatedAt":{"N":"1698697991079"}},{"tag":{"S":"mdljcr_WXydkBqxaiJgAr/_N_T_/pos/login"},"path":{"S":"mdljcr_WXydkBqxaiJgAr/pos/login"},"revalidatedAt":{"N":"1698697991079"}}]